location,life_expectancy,poverty_rate,internet_penetration,health_index
IN-AP,71.2,12.1,55,63
IN-AR,69.9,19.5,40,58
IN-AS,69.3,22.4,44,57
IN-BR,68.0,33.7,33,50
IN-CT,69.8,16.4,52,59
IN-DL,74.2,8.4,78,72
IN-GA,75.0,6.1,83,75
IN-GJ,72.4,10.1,74,68
IN-HR,74.0,8.7,81,73
IN-HP,73.4,7.2,76,71
IN-JK,70.2,12.9,58,61
IN-JH,66.9,31.2,41,52
IN-KA,73.6,9.8,79,71
IN-KL,76.8,5.6,84,78
IN-MH,72.8,11.2,72,69
IN-ML,70.7,12.5,54,63
IN-MN,69.4,14.1,56,60
IN-MP,67.8,24.6,49,55
IN-MZ,72.0,8.9,62,68
IN-NL,70.1,11.8,58,64
IN-OR,69.2,18.7,57,60
IN-PB,73.1,9.3,77,70
IN-RJ,69.8,21.4,55,60
IN-SK,72.6,10.7,68,66
IN-TN,74.5,7.9,76,74
IN-TG,71.6,13.5,66,65
IN-TR,71.0,17.2,58,61
IN-UP,68.1,28.6,48,55
IN-UT,71.9,10.4,74,68
IN-WB,71.2,15.3,63,66
