location,life_expectancy
US-AL,73.5
US-AK,78.3
US-AZ,79.6
US-AR,73.8
US-CA,81.0
US-CO,80.2
US-CT,80.9
US-DE,77.8
US-DC,78.7
US-FL,79.2
US-GA,77.2
US-HI,82.3
US-ID,78.4
US-IL,79.1
US-IN,76.8
US-IA,79.4
US-KS,76.4
US-KY,75.3
US-LA,75.7
US-ME,78.7
US-MD,79.2
US-MA,80.7
US-MI,77.7
US-MN,80.8
US-MS,74.5
US-MO,76.6
US-MT,78.3
US-NE,79.1
US-NV,78.0
US-NH,79.2
US-NJ,80.1
US-NM,77.7
US-NY,80.7
US-NC,78.3
US-ND,78.8
US-OH,76.9
US-OK,75.7
US-OR,79.7
US-PA,78.5
US-RI,79.9
US-SC,76.8
US-SD,79.1
US-TN,75.6
US-TX,78.4
US-UT,79.3
US-VT,80.5
US-VA,79.0
US-WA,80.2
US-WV,74.5
US-WI,79.5
US-WY,76.3
