country,gdp_per_capita,life_expectancy,education_index,health_index,poverty_rate,unemployment_rate,carbon_emissions,renewable_energy_pct,internet_penetration,urbanization_rate,population_millions,median_age,maternal_mortality,child_mortality,inequality_index,happiness_score,corruption_index,climate_risk_index,water_access_pct,sanitation_access_pct,inflation_rate,crime_index,food_security_index,housing_affordability,energy_cost_index,tax_revenue_pct,public_debt_pct,foreign_investment,innovation_index,military_spending_pct,transport_index,digital_governance,labor_participation,female_labor_participation,youth_unemployment,aging_population_pct,export_volume,import_volume,health_spending_pct,education_spending_pct
AFG,36272.698,82.847,0.938,47.823,37.066,1.072,20.312,69.923,14.896,21.773,911.374,15.442,61.725,119.999,0.455,2.208,16.545,28.79,76.122,95.053,-4.018,77.268,75.409,54.931,222.012,43.026,107.764,554.053,12.605,4.794,47.33,60.844,59.579,74.356,37.655,39.136,2903.099,638.853,4.338,12.14
ALB,49932.17,66.687,0.809,40.938,11.782,3.749,11.648,35.114,7.602,26.743,255.573,42.646,19.967,157.021,0.74,5.752,19.382,99.884,52.081,67.997,-1.898,22.52,74.645,89.097,81.97,14.193,142.085,9128.315,40.427,2.479,39.824,88.215,42.133,32.883,44.95,3.577,1216.533,1584.218,2.662,5.855
DZA,52532.797,50.142,0.364,72.29,42.323,32.07,16.517,11.149,47.487,25.499,762.177,32.994,733.796,97.982,0.4,6.8,57.053,88.747,96.914,73.551,-4.577,51.832,58.002,62.851,253.79,21.875,159.664,6426.31,49.783,9.868,77.584,84.176,60.551,39.475,19.591,18.557,4107.498,709.255,5.533,9.34
AND,19053.405,83.163,0.849,91.893,55.467,33.879,13.75,53.278,77.61,66.989,99.811,35.797,359.502,162.981,0.547,3.681,79.953,13.484,58.235,72.326,16.1,69.627,56.014,57.288,283.215,8.932,128.996,273.032,27.89,3.853,77.803,43.747,49.635,77.5,42.005,15.599,3254.513,3283.899,18.582,4.201
AGO,18452.679,82.915,0.324,89.562,45.724,23.589,10.751,49.815,30.945,22.831,153.711,18.279,119.604,53.926,0.416,2.73,70.137,72.969,67.227,93.002,17.413,31.807,80.921,79.756,253.897,45.331,190.205,9146.122,80.798,8.132,84.98,87.713,83.547,82.206,12.241,20.105,2187.407,1035.989,13.636,14.742
ATG,9014.266,66.481,0.764,46.15,60.179,20.848,21.222,70.572,16.415,38.696,899.553,23.799,52.569,6.366,0.489,7.2,99.621,88.588,85.681,82.917,27.162,51.411,29.097,16.732,71.274,38.769,94.756,2511.769,87.027,4.318,82.242,49.963,61.315,38.949,36.999,21.154,3230.484,1661.721,15.043,11.442
ARG,55437.082,61.041,0.797,87.34,7.986,17.846,6.02,87.486,58.101,66.953,344.922,31.848,48.838,137.567,0.346,2.514,81.319,84.083,88.821,35.313,29.966,26.586,76.641,35.134,244.643,27.265,89.627,8491.038,13.926,2.685,74.196,93.565,79.8,41.039,7.757,10.222,4911.614,858.57,8.49,12.141
ARM,21312.558,66.682,0.628,84.264,67.394,20.535,17.919,62.781,58.91,52.34,1135.731,43.964,798.708,136.893,0.449,7.367,83.586,31.556,95.977,88.208,4.971,94.075,73.742,85.931,324.848,18.278,183.452,1338.382,35.582,2.355,94.517,78.641,69.424,64.263,15.564,34.357,310.359,2769.731,12.368,8.551
AUS,48133.959,84.267,0.547,42.796,59.604,4.341,4.986,19.053,91.508,88.291,1107.173,26.611,705.204,143.59,0.569,2.22,46.017,89.582,98.79,40.839,0.625,74.866,63.656,39.175,313.749,49.971,62.099,7071.895,16.462,2.629,87.306,23.508,68.447,34.309,17.766,35.633,806.696,2167.309,3.524,2.255
AUT,79458.353,82.029,0.624,90.351,23.388,24.489,4.22,46.937,35.835,63.009,589.007,36.703,824.211,187.119,0.564,3.65,20.948,28.524,74.544,75.672,-3.01,70.922,84.273,85.093,250.314,20.48,178.621,5716.59,64.223,9.983,36.772,70.971,48.442,61.717,12.502,29.437,935.223,4105.7,5.152,14.822
AZE,37212.109,66.324,0.526,60.983,47.747,25.881,22.032,55.039,49.99,71.547,619.121,41.023,319.729,159.27,0.424,2.375,30.732,87.218,40.071,53.841,29.705,84.321,40.112,43.495,96.116,45.373,89.344,4386.664,33.758,2.584,52.323,67.003,78.092,70.87,11.524,29.459,3450.587,2365.121,3.585,10.551
BHS,12053.241,76.955,0.304,67.926,35.397,26.46,3.399,51.072,13.086,46.719,1121.446,49.354,731.348,94.283,0.727,4.771,10.861,74.731,93.958,96.611,14.037,54.642,61.165,47.271,264.487,40.628,188.51,3349.255,84.821,1.577,39.759,63.78,45.446,71.637,8.818,14.921,3094.564,2149.091,8.799,6.964
BHR,48570.354,76.465,0.973,58.872,15.446,4.157,2.289,45.04,59.236,78.998,360.125,47.026,8.899,194.299,0.694,7.466,57.537,80.176,97.698,57.104,7.743,32.989,48.874,62.228,161.114,5.618,209.12,6053.688,37.422,8.587,71.486,92.334,84.399,61.986,25.802,9.536,2463.241,2719.868,14.739,12.628
BGD,44612.426,56.36,0.518,87.71,33.064,7.53,1.108,16.376,21.494,81.332,749.34,21.033,148.487,195.28,0.519,2.29,46.469,94.224,87.065,30.445,-3.4,93.909,72.711,74.203,252.162,19.347,131.447,8603.038,68.213,2.225,44.938,74.652,40.862,47.339,25.633,7.997,2210.142,4344.085,6.229,3.637
BRB,50187.087,62.446,0.338,53.421,51.049,34.934,3.734,30.846,9.71,84.78,378.33,30.221,783.034,144.1,0.551,8.24,54.989,12.78,98.694,71.601,5.495,22.713,51.254,55.588,224.194,24.13,43.334,9116.025,88.589,3.994,97.642,20.327,82.273,29.965,10.154,8.43,860.404,3151.71,2.268,12.941
BLR,83472.767,68.366,0.527,48.148,46.982,18.007,19.499,81.005,85.976,58.144,88.641,23.551,406.516,120.745,0.21,5.189,28.549,40.068,80.051,98.313,5.462,23.546,57.284,41.137,101.119,30.061,64.208,1334.674,27.391,1.33,47.855,53.596,52.683,65.271,8.213,25.431,4085.093,4137.001,5.404,9.186
BEL,77558.279,58.698,0.832,84.822,56.293,8.596,17.467,47.694,57.681,14.676,1312.598,43.225,661.489,130.262,0.426,7.416,90.193,47.015,81.038,47.25,25.944,55.539,43.921,34.792,321.787,22.322,90.135,9278.412,26.386,6.53,37.591,93.327,68.252,25.825,8.142,20.182,2868.834,1003.246,15.111,13.369
BLZ,27366.107,70.924,0.387,76.571,56.959,22.178,21.707,60.256,23.048,15.893,1110.479,43.349,803.049,75.281,0.634,6.88,48.437,45.561,94.766,67.395,23.839,89.366,50.633,16.216,224.87,17.181,148.904,9282.244,61.431,6.136,51.9,23.092,61.878,41.32,20.501,38.482,2387.624,4582.802,6.986,12.005
BEN,50979.689,70.389,0.515,43.622,13.855,29.518,23.726,42.41,5.774,54.918,1387.268,28.787,70.456,122.449,0.578,3.743,73.721,28.462,82.169,32.587,4.751,54.383,24.203,37.932,333.928,18.965,103.623,4173.547,70.416,9.535,62.414,45.184,52.324,58.284,32.587,7.892,1783.016,744.237,12.451,7.239
BTN,9609.147,76.506,0.484,68.096,36.777,18.701,8.238,6.752,42.537,70.845,1447.372,22.74,167.084,165.703,0.635,7.71,86.91,13.102,99.579,42.548,27.622,10.849,98.261,41.647,118.429,30.817,101.11,2937.171,32.221,1.446,94.487,51.278,37.398,46.835,26.819,6.201,4886.25,1188.698,2.203,9.475
BOL,5422.749,77.318,0.638,75.278,24.843,23.715,0.473,17.751,74.073,41.666,488.237,25.591,854.135,94.267,0.724,6.945,68.743,19.603,65.335,88.352,-4.949,65.086,99.286,30.601,304.145,14.614,52.502,9770.743,20.176,8.758,86.449,41.093,76.878,73.49,13.751,28.805,725.61,4603.723,15.217,2.148
BIH,78437.574,63.293,0.474,84.867,2.776,8.871,16.968,7.559,64.822,90.089,686.76,44.535,508.003,147.086,0.631,2.652,59.596,44.491,62.02,38.443,12.803,60.79,36.484,75.78,240.7,18.605,238.343,4683.654,19.763,4.461,79.962,46.773,81.86,72.619,37.514,6.813,802.705,1957.6,17.761,7.219
BWA,12651.421,82.047,0.303,43.601,30.259,16.374,1.215,65.696,82.36,46.577,759.545,22.142,407.104,114.693,0.54,6.458,35.75,7.494,56.069,48.877,26.764,46.704,20.226,79.765,301.037,39.701,109.676,1060.435,85.835,0.648,78.366,64.428,69.479,42.577,33.453,27.305,2341.543,4787.564,6.584,7.893
BRA,51597.964,61.42,0.426,50.555,46.304,30.021,5.602,25.775,18.221,32.864,1167.963,26.569,165.882,135.091,0.341,6.813,28.148,42.083,44.402,66.071,12.235,12.657,43.337,77.223,239.792,23.807,67.253,9211.536,17.332,9.031,72.895,64.364,72.426,51.487,15.336,10.332,4306.817,3011.549,7.37,7.589
BRN,79454.391,77.207,0.856,89.306,6.199,9.234,18.579,80.599,98.197,15.431,1121.893,21.511,790.632,39.294,0.745,6.792,36.855,11.332,44.243,95.767,4.913,39.793,29.553,76.085,177.409,6.701,171.107,1233.136,77.013,8.095,85.363,90.791,67.568,69.664,27.442,3.546,1088.1,3805.699,14.517,9.984
BGR,74598.287,80.082,0.533,52.287,60.476,28.811,8.828,51.478,57.884,88.997,372.177,41.64,200.421,177.976,0.715,4.869,13.085,21.378,75.916,52.854,13.589,78.677,97.173,39.287,122.193,5.48,116.602,7011.933,21.151,9.695,87.554,75.29,52.13,68.959,9.685,29.243,610.577,600.254,12.069,8.157
BFA,72199.205,54.431,0.79,58.467,22.125,32.785,1.19,18.01,29.44,90.605,465.464,49.652,286.988,69.739,0.74,3.28,49.658,95.147,87.125,32.951,-0.869,15.989,38.552,17.658,101.074,14.672,155.451,2030.568,41.077,0.984,99.392,20.64,80.736,65.113,28.904,9.642,207.882,454.888,14.948,7.638
BDI,13461.622,55.948,0.485,58.528,56.355,10.757,10.786,49.762,71.493,78.899,46.301,17.284,302.895,147.835,0.486,2.637,51.779,43.954,83.829,54.215,3.731,13.47,64.822,18.257,64.734,27.057,177.111,8868.18,24.264,4.791,55.649,72.586,73.495,65.384,11.809,38.424,689.964,2346.583,18.545,2.064
CPV,3044.507,56.441,0.526,65.552,26.65,4.234,9.279,26.082,86.977,74.927,964.531,49.509,74.567,11.799,0.27,3.519,41.84,29.696,82.391,39.129,15.42,78.372,36.417,92.394,132.333,20.16,108.079,847.504,42.953,2.572,64.728,49.684,81.278,60.209,38.124,37.851,2878.828,4528.625,12.51,6.995
KHM,24513.082,54.23,0.896,69.506,5.709,5.249,10.057,41.799,41.429,55.63,1327.986,35.458,388.291,148.502,0.717,2.643,54.436,90.407,74.83,34.61,22.043,55.487,96.3,68.283,141.844,34.193,19.714,3876.717,47.56,3.397,99.141,66.778,40.957,80.492,9.783,21.225,3912.919,4218.229,6.384,5.011
CMR,7632.23,66.833,0.481,80.744,16.669,32.311,17.714,25.097,16.348,75.68,622.334,46.755,731.377,96.593,0.244,2.286,82.137,77.907,99.63,38.248,11.721,93.162,80.383,61.161,256.218,49.867,82.628,3803.686,75.871,2.783,75.743,88.563,73.544,32.701,28.95,19.206,2543.903,2091.098,10.121,9.798
CAN,6534.27,71.793,0.815,60.697,42.399,14.109,0.756,41.969,24.152,39.57,1319.265,48.666,64.141,14.385,0.421,3.935,70.928,68.076,94.933,86.764,26.958,94.222,69.074,99.691,96.154,12.646,53.233,5989.469,33.013,1.108,59.627,33.656,60.177,68.956,36.057,30.634,95.85,1543.005,17.552,11.22
CAF,43256.633,51.688,0.651,76.731,63.252,22.345,2.468,50.331,49.57,80.996,1025.249,40.867,56.043,138.773,0.364,5.578,59.001,80.201,71.473,53.399,-0.957,17.882,59.739,42.472,290.279,7.967,196.215,1962.411,41.809,2.259,54.235,25.024,47.261,70.988,25.267,25.705,2706.84,2593.108,3.293,6.823
TCD,33581.953,52.71,0.612,40.94,22.783,25.601,12.338,53.736,86.088,71.616,983.217,42.502,387.332,63.317,0.486,3.427,93.602,31.011,60.896,85.262,6.284,16.71,69.181,76.246,129.815,35.066,216.78,9699.896,57.081,4.838,89.354,53.116,41.72,37.274,28.955,34.499,4338.401,2112.817,10.78,9.682
CHL,78909.023,82.447,0.308,76.867,15.439,15.874,18.852,34.236,93.463,57.393,1036.224,33.159,632.264,55.596,0.656,7.995,15.277,12.36,55.776,44.22,18.183,89.379,71.424,11.558,133.107,27.682,162.09,1753.319,53.706,1.468,64.625,75.803,48.103,61.666,43.207,6.084,3923.884,4120.89,6.182,10.737
CHN,26204.189,72.702,0.891,66.115,24.862,24.898,4.566,79.899,11.319,14.178,803.899,46.647,170.335,99.874,0.224,6.27,83.327,31.351,93.31,86.157,15.601,76.509,74.892,96.516,239.157,31.96,205.375,5956.337,96.876,4.801,40.768,32.094,54.724,61.674,28.574,33.948,2818.687,2096.87,18.12,10.106
COL,27091.568,80.228,0.684,44.3,11.419,28.215,0.19,8.144,13.525,52.993,1136.702,16.841,169.97,127.02,0.689,4.388,91.833,40.858,78.329,64.742,24.429,78.109,65.512,96.352,197.735,5.842,145.752,4306.41,98.348,3.049,52.034,55.251,71.067,25.282,31.761,32.962,1550.485,3784.21,15.285,3.565
COM,80125.157,65.537,0.856,69.856,65.521,12.233,17.136,46.013,79.256,69.726,1313.482,35.853,604.654,171.788,0.666,5.222,50.31,67.94,67.309,57.154,1.839,76.186,55.529,70.96,50.291,28.122,236.128,5979.544,22.559,8.438,45.943,20.306,36.755,82.315,14.551,14.72,61.298,2440.799,19.451,12.083
COD,11713.406,79.588,0.812,92.837,48.4,16.783,10.033,9.718,8.179,43.251,951.719,23.39,812.682,59.825,0.681,7.397,21.223,51.811,74.193,71.129,12.823,20.725,68.495,20.264,250.94,46.686,71.687,8714.118,91.757,3.988,29.267,38.362,35.194,60.337,20.876,17.565,1176.066,3994.423,2.528,5.15
COG,53544.233,75.531,0.337,49.379,54.482,30.127,17.216,9.015,77.394,53.413,1389.838,44.7,118.28,23.963,0.286,2.923,50.509,15.221,69.845,74.016,3.22,12.897,49.158,45.763,165.487,26.905,199.18,7299.815,27.667,1.849,80.53,69.773,65.541,50.355,41.171,17.293,2178.505,2896.255,12.499,10.581
CRI,20571.13,75.969,0.475,90.762,68.128,1.992,24.849,80.718,89.096,53.957,409.778,44.974,24.089,116.922,0.53,3.257,35.901,86.702,90.98,40.294,27.384,16.147,98.117,73.628,183.317,19.662,209.169,8587.241,85.351,5.852,39.493,39.092,73.99,77.245,39.489,16.621,1218.586,314.952,15.815,9.308
CIV,18791.001,73.201,0.397,70.276,8.421,23.472,23.466,74.265,18.321,87.005,1250.874,31.565,372.096,103.234,0.358,6.391,24.876,89.406,77.49,79.15,14.363,22.223,50.601,31.593,65.188,27.669,243.838,7600.624,98.665,8.602,45.175,59.16,59.306,52.613,5.287,34.2,800.017,1688.444,15.103,4.554
HRV,550.552,79.48,0.908,40.576,56.091,18.298,8.294,23.502,57.819,38.984,7.953,40.697,273.683,22.599,0.319,5.112,33.209,15.101,50.696,65.213,-0.871,49.429,64.566,95.262,89.0,46.466,25.963,9730.521,88.247,1.666,62.04,21.732,78.323,57.753,39.894,15.667,4375.417,3445.132,13.164,12.02
CUB,22135.84,72.847,0.61,76.468,28.774,17.667,16.511,36.442,23.778,21.255,1141.389,36.729,123.725,152.145,0.563,2.65,63.16,81.368,63.558,95.32,21.012,40.067,23.78,46.999,50.758,47.117,163.086,9340.793,65.215,3.599,84.935,41.833,50.377,70.441,5.485,9.908,4224.542,1537.022,3.109,7.461
CYP,43313.693,76.403,0.904,88.517,20.091,9.085,0.834,69.781,51.141,29.112,319.765,26.054,545.32,198.11,0.33,7.547,29.159,27.387,41.689,74.919,12.711,38.884,83.936,32.507,134.198,48.073,236.727,9018.506,38.354,9.187,20.757,54.701,45.63,52.027,18.938,22.704,963.937,1940.734,4.57,10.006
CZE,50172.429,54.71,0.51,83.266,48.689,9.575,23.563,21.344,94.696,11.692,1252.187,47.297,698.105,194.72,0.517,7.509,12.256,92.061,66.7,53.932,20.648,40.42,83.321,27.026,349.941,46.84,240.971,3942.22,88.585,9.384,64.066,53.891,44.564,62.362,35.503,25.133,1768.587,2392.327,16.047,9.318
DNK,56949.787,62.782,0.702,62.605,26.957,32.051,19.179,48.285,66.022,46.412,224.003,30.863,665.171,75.325,0.25,6.622,76.713,89.922,84.62,72.036,-3.272,74.74,75.316,18.915,110.778,49.821,174.514,7920.226,85.244,1.328,83.98,41.233,83.176,46.494,38.252,15.418,1051.376,4226.619,2.967,12.409
DJI,58465.399,56.463,0.58,85.065,44.897,14.856,13.212,11.584,85.559,61.533,1430.754,36.263,818.949,64.82,0.531,7.694,76.569,88.322,56.177,73.374,0.529,92.073,39.243,79.921,249.195,8.233,191.62,5677.127,17.145,1.049,83.14,26.698,50.54,80.714,21.777,33.159,1470.073,1131.484,19.484,13.989
DMA,46096.593,79.502,0.457,84.386,28.1,12.75,7.53,74.683,21.859,91.597,587.901,25.044,604.442,161.068,0.533,4.804,70.287,10.542,43.884,95.502,18.071,62.281,82.712,59.29,319.024,17.824,108.855,8255.653,82.369,4.932,86.91,69.073,70.65,37.547,44.792,28.028,3204.926,1412.111,5.47,8.609
DOM,88109.125,54.004,0.616,40.844,37.513,13.037,6.164,29.854,67.44,32.252,1142.749,47.175,691.586,90.248,0.579,5.086,99.736,85.423,65.973,54.715,6.861,79.459,65.877,68.208,229.316,27.29,202.596,2033.263,22.548,2.914,22.415,68.244,81.479,53.125,17.794,17.642,200.941,161.904,10.925,10.102
ECU,55243.408,71.937,0.648,72.675,21.35,26.247,21.158,82.528,63.468,22.268,831.359,48.477,321.074,135.849,0.667,8.718,90.702,7.644,57.426,42.112,-2.467,37.377,38.275,35.308,80.387,14.963,32.414,3328.073,58.185,5.435,74.943,45.05,41.862,62.661,20.592,20.017,1546.685,677.29,12.489,14.912
EGY,43151.923,64.73,0.429,80.127,9.878,14.262,2.739,12.897,45.881,19.013,944.808,48.729,759.517,142.855,0.564,3.069,64.505,8.818,72.063,55.665,2.303,87.057,96.46,83.697,84.095,49.848,139.766,8247.123,33.163,3.251,35.867,25.247,81.541,29.285,32.419,38.326,2147.016,1575.745,4.915,9.53
SLV,54852.588,78.141,0.48,93.842,44.086,18.434,8.442,57.431,76.368,10.397,294.038,41.443,671.35,170.078,0.431,8.055,91.808,39.017,79.771,62.459,2.499,85.706,32.841,27.332,315.671,34.972,196.371,5304.568,17.935,2.929,72.909,24.102,35.736,51.799,42.608,30.947,3616.47,3897.409,4.544,6.018
GNQ,58935.509,55.07,0.969,67.382,63.378,8.313,8.617,89.994,81.987,83.057,703.71,30.141,570.295,102.029,0.548,5.044,63.962,83.235,44.915,31.818,23.723,57.428,29.27,94.787,277.477,41.259,20.039,6428.547,73.573,1.664,90.621,82.475,68.285,62.269,28.922,7.055,4291.623,3797.088,6.836,8.5
ERI,43171.877,82.046,0.789,40.298,37.366,26.86,9.176,24.711,60.589,87.419,908.738,37.376,864.039,171.473,0.315,7.72,83.727,15.947,72.688,92.571,13.183,60.21,27.382,67.674,142.991,6.108,138.195,5992.305,27.477,3.618,99.861,21.666,72.481,67.562,36.67,36.299,4921.221,2178.416,7.891,3.081
EST,36256.987,81.58,0.384,74.166,56.36,33.27,14.966,47.022,67.468,19.445,1087.691,25.847,208.079,89.227,0.513,4.912,96.213,36.374,86.412,73.807,14.194,36.403,56.532,66.202,186.615,46.285,236.061,2328.769,19.931,4.713,27.077,34.531,61.504,51.715,10.155,21.236,1765.334,2813.499,13.256,5.031
SWZ,13210.817,72.924,0.889,88.735,25.576,12.721,9.343,60.783,81.986,23.394,155.987,47.675,247.154,44.222,0.275,8.612,38.785,48.98,87.057,94.235,17.411,33.812,33.036,20.073,62.631,47.967,144.932,4591.163,84.252,9.531,22.603,37.803,36.115,36.91,14.061,9.201,2945.866,482.432,5.166,8.226
ETH,80593.244,84.633,0.568,88.81,15.32,29.707,11.116,76.007,60.682,71.494,350.308,33.378,201.141,50.547,0.575,5.741,17.043,34.353,61.486,94.614,16.632,53.419,68.992,58.263,206.69,36.312,43.604,9925.791,72.366,9.457,23.754,50.48,78.813,61.188,42.568,10.895,4975.854,345.342,9.27,2.83
FJI,33637.215,77.81,0.474,45.681,40.308,3.985,7.411,88.274,29.543,47.191,651.871,42.333,779.774,77.201,0.511,3.29,33.735,75.668,42.816,90.928,9.43,35.94,51.699,98.261,252.581,16.158,79.558,6979.714,81.734,8.931,50.709,56.347,73.452,67.028,21.359,4.711,4472.652,2724.711,11.47,5.312
FIN,23327.391,54.006,0.319,76.342,59.054,30.949,12.978,41.342,99.139,64.079,70.202,25.814,376.387,94.247,0.469,8.408,32.456,20.181,57.435,71.191,17.652,20.043,56.774,98.338,67.419,19.322,109.583,7305.44,63.028,2.772,42.195,28.84,52.477,68.217,40.978,4.883,2194.73,2715.24,12.003,3.41
FRA,65206.133,68.839,0.326,80.408,12.759,9.926,20.555,86.184,31.087,13.731,831.273,44.586,43.736,197.78,0.322,4.127,28.882,91.998,85.418,86.304,15.515,33.189,76.458,66.552,200.039,6.216,56.446,162.082,47.368,2.368,56.495,87.365,80.34,58.321,21.368,39.027,4871.299,1002.856,11.689,7.863
GAB,69442.227,71.677,0.924,65.913,51.123,30.356,21.067,30.565,84.619,70.698,1458.991,18.642,379.939,194.097,0.399,2.705,91.22,60.973,98.416,37.953,0.12,68.498,37.552,29.027,317.644,33.266,223.097,3557.363,36.34,3.588,88.571,93.617,53.37,39.48,9.498,20.597,3273.223,1516.256,15.996,14.922
GMB,45453.749,60.114,0.547,62.544,12.772,30.143,6.19,27.857,77.024,29.663,829.901,15.911,703.264,39.235,0.704,8.487,43.054,55.926,64.89,42.172,16.434,11.542,53.799,54.774,94.657,26.747,108.758,2556.186,14.836,7.396,68.596,97.723,56.245,80.98,6.2,20.177,620.4,4855.124,11.667,4.937
GEO,62295.545,83.475,0.505,63.422,38.543,8.379,17.786,75.839,95.553,82.364,149.882,38.78,785.132,139.744,0.426,8.067,17.579,32.971,81.096,88.806,24.396,91.533,71.281,20.628,121.373,20.908,167.326,8250.21,32.236,5.729,56.027,54.903,74.381,82.984,5.935,26.482,4053.849,3816.434,4.483,11.208
DEU,47502.391,52.499,0.591,87.13,15.776,12.388,10.734,48.335,80.482,46.204,136.923,16.925,813.683,176.221,0.228,5.638,12.877,92.117,58.709,93.849,29.506,41.739,73.011,55.446,84.563,25.519,28.939,8907.333,63.947,2.638,84.142,57.616,76.697,72.767,36.173,14.669,3684.649,561.548,16.75,4.122
GHA,3063.187,52.416,0.437,67.96,13.001,32.952,0.72,86.176,56.053,57.05,1224.844,30.882,259.389,97.176,0.628,5.757,64.686,71.12,86.146,73.576,26.565,19.204,49.554,51.498,193.923,7.192,28.227,3910.881,51.838,5.777,36.513,31.303,61.525,60.247,35.727,31.685,4016.09,3249.427,18.967,9.154
GRC,41855.276,76.605,0.419,46.059,25.707,9.213,12.776,89.954,88.311,29.16,1210.589,25.034,842.452,60.086,0.641,2.183,50.187,58.231,80.735,90.014,0.474,24.507,34.633,38.664,112.492,41.497,200.1,3669.782,43.631,4.458,68.012,23.748,51.016,52.871,23.884,12.245,3287.595,673.246,16.753,5.113
GRD,65246.347,77.616,0.482,41.795,27.694,23.979,12.563,46.987,38.125,34.075,782.32,38.611,776.131,195.112,0.317,7.382,54.912,23.178,80.119,84.563,25.495,18.33,34.444,78.041,69.046,42.68,42.635,5172.673,63.98,3.113,98.699,23.411,62.494,42.408,11.96,37.895,1397.896,3357.719,16.114,5.034
GTM,32906.606,70.357,0.392,79.054,30.573,26.499,4.767,23.638,59.016,84.379,531.418,18.269,470.792,54.138,0.436,3.97,15.292,80.784,84.142,88.206,29.681,80.797,90.42,21.426,127.559,13.936,25.145,115.364,85.755,3.162,51.689,30.702,52.556,54.302,19.614,25.329,4643.672,1415.679,4.679,14.066
GIN,21375.579,65.814,0.395,48.258,50.72,4.241,14.09,15.953,26.308,61.762,35.064,18.754,136.131,57.91,0.237,6.169,39.177,24.002,63.176,74.672,8.285,79.403,46.617,77.351,298.529,37.448,28.481,4462.06,26.601,7.999,26.548,66.767,74.847,50.541,8.618,7.457,3148.536,3254.935,15.305,9.432
GNB,32353.459,82.166,0.402,81.222,4.329,18.984,6.798,79.928,91.955,40.928,898.689,42.465,176.445,28.034,0.684,5.478,39.183,32.488,72.874,86.076,3.94,75.646,61.36,99.141,190.217,6.394,85.303,1837.897,88.365,9.165,73.635,87.157,58.144,74.586,16.576,38.141,2155.828,4507.187,9.056,2.705
GUY,75003.387,52.605,0.797,41.786,50.124,2.265,7.327,38.452,99.635,61.225,637.761,42.644,833.356,69.232,0.286,6.447,59.719,16.153,63.961,95.391,-4.027,32.597,48.839,50.536,283.059,37.296,129.022,5685.671,99.161,5.413,54.774,74.28,42.186,54.465,23.493,29.141,1849.001,4952.916,10.559,8.322
HTI,46502.199,76.36,0.795,92.217,40.75,3.561,16.835,40.015,37.115,10.789,1156.103,48.916,135.099,94.752,0.468,4.142,20.009,43.518,99.756,86.511,22.953,56.134,42.982,15.775,148.429,43.859,198.925,4149.137,63.088,1.224,90.156,37.776,70.516,32.129,17.69,18.8,2459.686,4313.539,11.663,5.686
HND,44016.78,74.494,0.628,53.899,67.852,30.573,0.412,21.778,52.296,20.252,1009.345,37.531,113.828,15.876,0.664,5.095,98.712,77.615,49.226,45.548,14.67,70.328,93.903,12.861,103.989,48.408,246.095,3194.62,36.28,2.667,53.441,45.618,49.37,55.195,26.822,35.345,488.487,4835.923,9.435,9.515
HUN,84976.692,57.32,0.564,61.818,39.636,18.257,19.691,14.494,13.13,39.446,311.292,26.032,758.678,19.234,0.501,6.503,49.412,25.081,41.714,55.644,23.084,18.456,71.551,67.911,129.817,17.503,200.279,4029.953,10.597,5.575,74.876,21.409,83.4,68.148,43.567,38.483,2274.112,3235.198,9.378,14.721
ISL,46784.43,58.104,0.926,76.204,23.897,24.789,24.767,54.099,85.17,52.716,532.407,26.355,843.724,174.19,0.258,4.092,84.051,74.446,44.901,39.3,15.449,17.058,44.973,15.377,150.058,31.543,249.937,3431.043,73.896,9.299,26.835,72.84,52.019,45.617,28.293,35.562,2389.215,595.367,17.357,5.57
IND,9788.372,62.31,0.491,75.463,17.229,5.148,10.4,73.519,87.89,59.498,268.975,17.687,17.486,8.143,0.671,3.301,59.693,72.0,92.211,50.419,12.931,83.514,46.712,31.839,163.115,10.096,242.64,3356.615,40.104,2.062,45.79,23.622,72.046,64.562,19.439,9.193,3876.238,745.93,11.713,10.911
IDN,44242.014,63.96,0.506,51.604,57.629,4.04,19.649,15.059,15.345,65.971,136.056,24.49,216.08,161.008,0.712,4.499,51.597,87.239,60.543,70.575,21.03,26.857,86.492,99.89,121.238,45.083,185.101,4944.178,47.717,8.813,34.505,51.866,53.271,54.925,22.82,27.128,2116.979,3298.969,5.076,10.887
IRN,66784.001,83.069,0.668,40.499,59.168,32.02,24.392,86.232,14.561,36.0,366.866,46.521,376.074,121.672,0.649,8.155,93.557,71.067,94.808,65.342,17.8,15.542,57.103,50.047,164.947,29.663,173.531,7520.178,44.479,1.255,74.426,76.551,43.767,54.384,33.675,22.655,420.825,3555.258,4.876,8.444
IRQ,14982.056,66.864,0.476,90.879,26.21,12.807,23.981,54.887,42.491,93.811,735.442,20.102,444.06,54.048,0.618,8.064,40.876,29.937,93.479,65.591,-0.038,34.955,67.277,52.752,202.024,47.925,102.51,7981.811,39.275,5.034,71.937,82.484,36.661,27.959,38.779,36.132,2440.901,1542.269,4.688,8.647
IRL,68481.419,72.778,0.368,59.84,9.278,22.657,1.488,67.411,13.959,26.756,932.878,17.517,483.544,65.599,0.337,8.769,62.256,91.863,49.494,47.985,9.805,18.521,25.087,74.539,197.165,46.676,240.434,2412.923,34.28,9.376,20.494,60.264,36.44,32.979,8.61,34.096,4139.141,2343.112,17.984,6.491
ISR,48831.959,64.211,0.488,45.614,45.777,22.928,7.902,76.241,39.06,67.711,862.048,26.194,538.865,27.618,0.652,7.292,96.163,79.512,56.712,90.542,-3.461,57.144,50.555,61.886,195.905,49.903,18.22,7471.085,56.892,2.834,92.866,60.262,56.761,53.18,10.135,37.975,256.117,769.975,5.493,14.851
ITA,949.109,82.324,0.924,78.028,23.193,23.692,16.72,6.224,39.918,57.094,1278.721,21.217,837.273,93.47,0.59,6.0,32.897,92.189,80.669,64.345,27.519,53.596,45.297,16.547,100.764,21.041,208.614,8654.379,79.805,2.921,67.725,20.396,82.004,59.307,35.512,30.512,798.113,4640.145,12.471,5.808
JAM,45776.516,72.035,0.859,78.04,65.013,22.78,6.933,68.594,28.306,67.919,1205.892,20.146,593.069,161.2,0.407,4.686,92.093,68.777,74.821,76.265,14.25,32.102,49.236,83.85,185.132,23.621,205.739,6225.942,69.105,1.542,55.565,85.362,55.199,72.491,22.575,12.134,864.215,2189.286,5.155,12.63
JPN,84609.059,78.869,0.879,57.457,33.087,24.957,22.075,26.799,34.975,43.26,18.764,48.293,53.317,30.587,0.393,6.948,27.986,42.347,43.128,45.094,-2.197,62.839,50.184,96.548,93.278,7.33,248.238,5176.448,37.219,5.097,98.351,52.007,68.803,45.221,36.698,32.329,2981.797,4307.327,13.475,5.337
JOR,1439.693,80.63,0.828,47.89,68.177,9.7,22.308,47.047,54.71,69.045,766.01,31.087,96.08,52.636,0.357,8.418,99.204,15.538,67.626,68.359,25.358,68.332,91.845,80.565,73.586,19.4,49.51,3434.205,81.649,4.378,39.883,47.392,61.693,27.135,31.131,38.322,3116.638,2313.909,13.146,11.994
KAZ,6313.239,82.351,0.716,88.688,36.703,12.2,18.382,5.619,61.612,85.163,268.166,42.88,803.986,119.465,0.218,3.626,60.365,61.398,97.281,52.995,25.637,79.935,38.79,92.69,215.201,41.794,83.522,7237.452,56.57,6.872,61.287,41.653,37.816,36.282,19.827,30.738,749.15,2112.933,12.939,13.856
KEN,72070.482,57.771,0.552,65.279,29.527,21.316,23.388,35.97,31.399,37.413,711.935,38.683,542.58,75.613,0.307,6.851,83.038,41.072,71.719,32.74,1.323,30.027,97.508,95.642,123.761,11.716,92.079,5171.471,42.748,9.762,93.352,98.305,52.334,68.014,36.068,23.778,3237.625,1818.398,8.436,13.768
KIR,54548.193,83.464,0.778,71.775,10.563,32.59,5.448,59.779,90.062,80.675,582.68,43.414,453.644,85.214,0.517,7.759,35.983,77.912,48.682,84.471,25.104,55.647,83.433,13.181,115.508,38.93,144.314,5158.417,22.289,5.587,82.734,84.498,48.0,33.782,27.072,32.339,2931.639,4952.915,14.283,5.694
PRK,81455.573,80.216,0.625,85.298,34.54,31.797,5.034,35.774,49.854,83.14,923.213,21.95,134.074,180.287,0.36,3.4,30.818,6.907,62.143,57.288,9.311,52.811,78.093,74.41,281.638,30.965,15.518,8991.707,46.996,2.931,59.847,29.394,52.943,57.34,18.015,15.453,1218.91,1066.659,11.802,14.188
KOR,43830.828,68.523,0.302,64.82,46.801,24.145,20.48,23.793,95.736,60.067,711.879,40.898,189.165,142.654,0.423,8.14,96.817,74.323,44.096,54.446,26.329,29.123,43.683,16.733,253.955,16.694,56.398,755.045,55.693,6.76,55.507,53.495,47.165,55.187,23.426,26.189,4190.077,4268.802,8.948,8.339
KWT,76981.822,51.092,0.408,86.473,6.044,22.802,6.983,12.008,87.544,26.418,964.018,33.913,77.011,153.563,0.26,2.58,88.658,72.319,81.85,87.585,-0.922,83.568,78.693,58.733,95.566,18.854,245.381,2251.04,15.009,5.572,37.174,37.308,50.438,46.776,27.73,18.074,4517.606,3985.02,15.629,8.983
KGZ,83249.658,78.24,0.654,76.16,36.431,16.657,24.91,54.83,29.341,59.402,1398.736,41.291,637.934,165.078,0.695,6.09,91.157,93.648,76.647,67.448,16.778,67.238,69.345,40.762,349.845,41.12,158.564,2180.22,59.597,2.651,28.814,69.653,51.864,45.615,29.801,19.5,1743.031,4599.607,10.324,11.483
LAO,68107.19,52.979,0.829,88.187,64.552,33.219,13.014,41.592,51.077,44.427,1188.563,19.232,612.757,20.569,0.62,2.984,87.758,8.585,43.468,96.8,15.156,76.0,59.489,47.491,53.276,48.642,116.108,5406.116,64.622,8.231,80.872,93.159,57.791,27.194,28.693,25.259,4237.288,1369.31,12.409,10.189
LVA,84860.434,82.597,0.386,55.152,68.228,12.253,21.864,78.866,45.409,41.92,483.766,42.379,250.021,45.246,0.466,5.843,59.416,94.711,82.645,30.399,10.432,82.3,26.915,67.077,80.053,24.587,64.718,739.079,74.43,0.689,61.659,87.274,61.553,42.628,44.088,30.774,347.666,1458.189,5.383,8.648
LBN,3993.046,66.873,0.543,80.844,30.504,4.855,0.893,10.222,73.067,42.325,40.847,30.482,184.544,135.133,0.742,7.908,75.735,16.243,80.236,33.537,28.245,42.812,59.778,18.319,266.006,37.792,152.826,578.879,51.031,1.579,34.404,96.779,83.789,61.466,44.541,15.432,1722.349,3130.449,13.282,10.428
LSO,16123.995,75.818,0.442,71.328,45.824,21.45,24.716,62.306,58.658,57.644,805.248,25.226,699.174,65.04,0.721,8.856,39.042,73.024,57.114,49.811,0.719,85.805,93.491,37.599,323.533,8.551,42.948,1014.39,27.907,5.079,99.054,73.048,81.614,84.862,43.471,38.287,402.659,408.641,15.883,5.991
LBR,32344.113,54.647,0.496,68.259,3.282,15.593,1.863,50.173,20.283,13.38,823.777,18.565,320.363,144.792,0.749,2.552,18.449,60.16,61.833,65.734,21.191,45.728,84.043,66.86,154.509,19.241,84.166,7497.548,50.69,1.938,66.207,66.19,46.511,41.68,9.547,22.054,4059.131,2009.824,18.817,8.073
LBY,72551.105,66.11,0.751,51.288,13.09,22.57,6.837,8.341,79.393,62.391,967.152,41.823,700.008,185.672,0.404,6.917,53.784,31.704,45.089,89.618,29.917,89.851,70.262,53.649,80.424,42.704,13.081,2154.914,99.324,6.588,71.075,35.011,68.579,44.48,38.905,14.17,3986.901,4276.384,4.836,14.823
LIE,58277.978,69.924,0.534,61.749,52.662,10.376,10.281,40.252,67.158,35.048,549.661,36.93,457.295,183.437,0.399,4.625,99.313,52.834,43.489,35.878,28.414,75.963,30.787,76.395,245.212,33.38,177.727,1484.871,99.708,4.29,64.591,46.506,80.734,44.684,33.207,18.446,4491.145,2332.136,16.192,7.942
LTU,48285.848,56.348,0.825,83.606,42.134,7.121,1.834,52.106,11.364,67.037,1336.575,20.124,341.061,10.909,0.702,7.571,63.909,92.154,94.238,79.061,1.566,94.575,94.799,14.79,274.39,5.933,191.76,5062.79,78.543,7.018,96.233,21.192,73.677,69.625,5.243,15.901,171.531,2058.573,2.076,6.205
LUX,86224.237,77.686,0.48,57.143,57.468,24.923,8.762,74.151,67.392,19.337,605.956,42.324,650.568,65.591,0.685,5.506,27.757,68.825,50.6,41.632,15.546,23.548,35.399,37.046,229.428,10.147,65.763,7806.258,74.732,2.515,99.365,65.889,84.561,31.159,36.077,33.653,4641.111,309.124,7.442,4.403
MDG,53236.692,53.345,0.304,83.715,30.081,12.47,1.023,43.993,87.938,19.88,53.86,47.929,130.62,167.001,0.266,3.108,68.589,64.258,42.257,38.506,21.733,18.065,45.919,14.159,89.223,37.233,29.44,8924.509,43.931,4.636,75.908,54.14,72.981,65.56,13.438,4.128,1687.29,1234.079,9.321,10.856
MWI,35586.871,57.417,0.968,42.384,61.786,19.057,10.489,78.896,94.972,65.006,1496.012,18.625,397.858,84.659,0.305,4.171,40.063,79.524,91.471,30.614,11.652,59.936,79.177,53.305,67.953,10.846,113.917,9570.93,83.657,1.687,69.213,48.128,83.068,28.698,8.6,31.281,69.986,1503.528,3.571,3.713
MYS,67934.27,61.773,0.987,50.417,15.758,26.14,20.803,48.643,44.479,67.302,551.192,19.903,316.794,194.958,0.639,3.281,66.118,67.977,75.644,33.775,2.624,29.178,51.654,84.549,82.652,6.073,48.076,6103.035,43.983,5.679,30.831,63.297,37.445,84.781,19.988,38.939,1205.322,3341.428,13.012,5.472
MDV,28340.296,79.764,0.686,51.09,20.755,26.105,14.666,61.677,22.985,30.882,783.185,25.137,203.777,109.476,0.641,5.84,84.032,71.152,92.603,45.091,5.821,43.316,70.21,32.899,228.788,49.628,184.75,1161.706,22.582,7.745,99.484,97.744,69.454,55.137,32.666,37.67,637.751,2289.551,18.665,12.271
MLI,5380.574,69.348,0.485,93.681,6.426,9.437,23.348,51.25,51.446,29.485,659.512,19.868,11.464,129.585,0.71,2.1,75.146,84.268,95.38,83.791,12.666,89.246,71.633,41.041,68.279,48.225,234.519,5864.462,67.776,2.174,57.988,69.994,62.063,72.971,21.581,17.531,4956.643,2214.375,17.628,4.166
MLT,10296.516,67.241,0.927,94.064,62.957,27.721,22.589,30.051,24.612,71.344,735.17,49.66,875.569,17.396,0.291,3.453,76.584,29.865,70.335,81.046,26.067,51.937,52.646,17.343,314.882,39.204,94.093,5266.625,58.903,1.629,30.876,95.419,74.427,30.953,34.508,24.59,4544.684,4739.069,14.851,5.759
MHL,29534.979,82.795,0.553,79.1,10.687,31.285,12.27,40.277,44.476,34.011,348.765,36.197,341.01,12.907,0.566,6.433,90.894,90.904,57.154,90.618,23.989,36.752,77.892,46.242,267.227,42.377,248.513,6024.412,70.035,3.482,61.917,43.179,52.141,76.849,16.905,14.943,4913.158,1432.083,11.765,3.654
MRT,51717.493,73.352,0.694,86.509,46.591,6.12,7.961,57.947,66.536,50.226,160.66,36.542,719.513,166.722,0.458,8.118,56.185,49.917,58.697,56.316,28.154,86.537,38.76,80.63,152.091,13.682,212.872,5424.421,76.035,2.318,24.587,83.334,46.313,48.35,10.399,27.694,659.979,3326.696,3.968,2.791
MUS,57606.208,62.514,0.539,48.883,37.538,3.919,17.822,32.382,63.718,94.519,753.692,23.157,578.898,105.236,0.448,7.775,57.769,47.24,45.509,56.55,5.724,62.583,49.671,14.911,96.121,37.55,184.581,6320.626,12.812,1.471,68.616,97.895,52.033,33.474,32.997,9.827,4521.626,1944.557,4.393,6.623
MEX,64163.857,50.926,0.807,72.814,25.343,30.685,0.938,74.961,60.565,80.952,688.116,39.564,551.594,39.433,0.469,7.327,93.277,15.162,89.685,49.27,7.618,38.303,47.325,56.425,283.571,39.055,206.812,6421.483,84.585,9.998,98.118,85.115,35.307,28.645,24.678,18.686,1370.543,3856.097,13.214,4.558
FSM,12965.596,52.449,0.598,66.776,28.229,4.649,13.897,82.895,26.754,52.76,474.41,47.985,327.76,128.795,0.589,2.131,90.807,97.732,95.407,54.557,6.681,55.616,47.035,67.413,98.717,48.549,25.196,5005.991,22.133,3.928,60.727,95.167,55.849,70.227,35.283,29.284,3033.125,1489.229,3.988,14.562
MDA,35187.738,51.288,0.636,43.796,57.051,6.144,16.961,68.367,50.416,35.168,1238.907,48.563,686.445,154.069,0.284,6.112,98.631,53.631,52.941,41.848,25.46,41.364,39.788,97.009,56.429,28.522,184.163,4727.306,46.504,1.521,67.043,50.226,36.325,69.299,44.168,27.152,598.046,2076.858,15.678,14.781
MCO,4984.241,79.317,0.428,64.975,22.167,16.05,23.733,22.613,81.957,36.484,449.98,32.057,542.409,23.709,0.449,6.612,73.052,81.972,99.715,60.079,16.972,38.107,71.358,33.08,207.4,15.302,206.731,713.868,53.58,4.23,57.773,68.614,50.291,36.711,12.961,19.144,2185.985,3654.107,14.104,9.054
MNG,22180.201,70.68,0.305,71.369,28.066,8.692,13.094,10.87,27.548,16.707,816.239,34.313,749.206,27.839,0.345,6.926,21.741,27.848,85.257,68.769,20.455,39.24,28.902,11.041,174.111,14.112,233.409,7781.534,22.131,6.54,79.026,88.291,43.568,49.377,44.855,35.589,3063.185,4047.213,6.281,13.345
MNE,4676.957,81.576,0.421,86.425,15.576,17.641,22.356,26.07,77.432,73.479,425.075,32.662,760.196,19.419,0.564,3.932,82.09,26.509,59.58,57.495,14.684,79.989,73.553,62.181,273.366,10.45,148.844,6921.068,91.633,7.985,33.313,31.934,37.234,76.379,30.441,20.169,511.47,113.961,15.156,13.928
MAR,50881.367,71.437,0.322,44.351,36.475,21.309,13.74,54.88,81.121,59.035,1352.949,40.44,475.708,158.445,0.718,3.593,99.132,87.226,99.445,54.171,-2.288,24.136,54.248,67.432,96.384,24.315,118.259,7509.892,88.608,4.898,61.813,35.017,65.594,64.88,14.158,17.271,878.577,3191.229,18.13,6.414
MOZ,65867.626,72.359,0.592,55.204,41.795,7.572,9.24,15.322,34.57,48.391,111.049,34.66,515.8,11.66,0.42,5.096,39.799,77.154,77.017,94.295,28.272,18.539,82.428,25.527,246.267,15.078,94.664,6306.046,71.305,0.855,65.993,88.268,83.825,41.238,30.291,23.769,445.59,2854.212,2.44,14.961
MMR,75949.898,76.505,0.306,89.823,58.502,11.048,23.482,51.355,76.015,62.679,1065.872,41.08,403.254,126.869,0.29,4.578,26.785,55.417,77.265,68.698,26.244,67.633,70.513,68.075,176.469,39.486,54.231,706.319,61.828,2.896,22.083,79.852,47.484,37.186,15.502,27.331,707.979,3923.066,18.661,6.22
NAM,40328.968,61.256,0.956,91.57,29.671,13.686,21.165,44.633,94.958,51.291,957.696,35.147,750.23,126.25,0.239,2.637,24.046,60.281,63.105,95.156,-4.965,68.182,32.945,41.575,184.447,40.184,46.044,4519.382,52.469,0.853,87.755,86.985,56.826,33.79,29.78,35.471,1009.496,2293.911,19.877,5.539
NRU,75396.739,57.628,0.37,68.386,56.947,19.357,14.871,21.167,53.569,73.921,1167.104,32.135,531.111,189.912,0.467,4.208,34.793,26.119,77.454,61.118,5.397,65.282,89.455,75.135,306.941,42.749,24.882,2786.683,10.639,5.177,22.859,96.363,54.694,68.66,13.847,9.842,319.213,2911.444,2.64,10.355
NPL,66878.498,67.544,0.601,78.806,14.432,30.566,15.825,86.421,13.227,69.168,1148.438,41.553,754.2,165.146,0.667,7.42,83.147,27.063,79.738,36.459,12.605,50.329,27.467,66.193,67.515,21.083,240.628,6136.386,58.605,7.858,81.494,22.035,62.327,71.626,41.045,12.239,3459.558,2659.148,19.61,14.595
NLD,40816.379,84.806,0.554,75.288,66.264,31.687,20.141,39.084,34.984,70.121,1486.664,39.015,115.168,112.009,0.338,3.892,37.068,20.568,54.498,36.3,26.598,58.798,43.127,17.758,313.451,16.356,77.788,7722.216,91.096,5.151,82.608,76.494,63.78,72.44,10.417,17.349,2172.344,4640.039,19.443,9.941
NZL,63598.95,83.833,0.676,94.526,36.886,15.066,0.968,14.784,19.699,81.238,530.954,29.831,839.767,18.028,0.533,7.42,64.24,74.743,49.03,61.249,-1.129,21.124,95.024,47.752,217.212,27.842,202.57,9883.159,37.03,7.965,49.375,73.487,61.469,49.803,35.419,32.416,55.87,1003.492,10.689,5.554
NIC,21386.28,73.772,0.943,70.442,59.459,9.694,12.884,72.775,72.174,28.071,1098.099,18.883,774.712,8.144,0.71,7.941,36.23,64.593,89.008,57.673,27.821,61.064,89.39,97.209,274.893,7.558,248.18,6828.757,19.522,9.968,49.449,69.956,79.841,60.71,36.94,27.758,3951.913,3166.251,11.724,10.092
NER,22727.061,82.167,0.703,90.913,35.075,18.39,23.512,42.525,83.434,81.372,1099.25,23.199,492.373,30.097,0.398,2.024,37.676,39.116,61.861,54.431,-3.083,41.097,29.75,58.464,239.012,33.876,123.89,1709.433,78.067,1.848,72.194,73.741,53.335,26.407,6.547,14.417,1691.267,790.82,6.928,10.193
NGA,21685.963,65.225,0.818,84.071,14.233,16.755,14.114,21.895,34.298,48.055,1201.098,15.516,127.803,96.584,0.427,5.565,13.653,28.023,56.228,41.328,7.406,69.928,23.608,78.893,57.077,45.8,151.225,6409.208,67.878,1.185,60.046,95.011,80.675,74.815,29.429,18.78,2790.73,2141.332,6.22,7.234
MKD,24913.326,72.566,0.564,45.712,20.596,29.28,23.952,30.84,68.804,69.844,796.671,25.408,337.491,197.67,0.585,5.191,22.527,61.172,40.843,58.787,7.67,48.635,63.891,97.563,252.787,10.209,203.026,8531.386,97.939,2.44,43.686,61.58,54.373,44.594,6.554,17.812,95.789,4168.042,18.643,9.718
NOR,9649.562,66.158,0.685,80.831,18.262,29.95,15.2,31.565,20.085,84.233,1373.465,32.3,134.054,167.461,0.639,8.347,98.181,47.293,51.657,62.026,17.768,56.308,64.873,91.133,206.822,42.067,135.408,7788.261,83.872,4.225,97.677,70.912,52.838,62.691,39.534,28.39,3295.948,81.59,16.067,11.243
OMN,12812.883,58.308,0.973,75.674,64.048,23.798,7.015,62.158,97.044,63.005,1489.973,18.32,559.027,185.058,0.319,2.982,87.769,21.835,57.743,35.646,17.741,31.548,68.698,57.779,169.542,41.432,141.9,253.072,53.3,9.542,80.449,27.889,36.495,41.36,31.637,20.549,3318.542,2671.192,17.623,10.894
PAK,81541.579,64.767,0.76,79.009,50.627,9.741,22.717,87.8,78.768,23.795,1424.806,17.994,704.001,39.931,0.487,7.278,64.059,25.479,50.154,85.279,29.144,94.213,60.422,99.757,148.285,36.526,200.131,8584.519,18.807,1.551,98.125,89.112,76.277,46.319,44.535,13.981,3779.003,451.493,17.374,9.095
PLW,46402.85,74.564,0.42,76.887,53.374,12.904,24.223,64.793,24.638,16.43,658.463,34.083,379.751,115.33,0.392,5.629,26.16,74.114,86.565,98.733,7.391,58.259,46.67,62.9,69.31,27.262,127.376,4053.66,87.933,0.694,68.521,76.842,77.824,51.481,19.968,34.971,3386.654,4348.789,12.12,9.032
PAN,46136.57,83.478,0.343,42.658,11.84,24.683,13.09,43.084,51.11,53.687,1321.462,49.036,603.681,188.2,0.243,3.609,93.021,12.187,63.163,57.17,3.154,45.144,50.434,16.761,136.731,17.359,221.085,862.572,91.01,9.791,83.526,46.693,84.016,30.921,11.359,24.186,3754.142,2301.995,4.462,7.001
PNG,81597.141,62.439,0.321,67.859,37.368,2.9,22.109,13.958,70.723,49.091,442.482,24.442,273.163,8.735,0.597,2.446,20.616,77.998,84.698,81.932,3.374,30.757,33.472,65.803,228.858,28.215,34.355,5896.788,56.707,8.284,43.006,37.056,75.995,30.584,7.41,30.828,2578.299,4803.512,4.386,9.013
PRY,13524.981,65.084,0.821,42.59,36.305,3.363,10.459,85.842,25.311,46.729,1388.792,39.831,793.627,145.057,0.541,8.976,84.541,61.087,56.317,97.686,-2.622,66.54,82.668,86.306,150.699,6.991,89.322,6356.598,69.159,8.069,27.192,84.853,38.842,79.191,34.01,23.197,2000.296,1725.937,4.358,5.619
PER,28313.469,65.596,0.616,53.881,50.037,9.107,8.352,54.906,23.359,84.557,1253.483,23.061,334.813,118.543,0.416,8.878,36.022,46.882,64.596,50.028,23.485,20.779,35.099,19.247,206.503,40.915,103.495,9291.19,92.451,9.204,37.539,68.622,75.453,33.734,18.73,14.175,4538.431,4903.525,2.959,3.607
PHL,37585.572,62.243,0.79,92.544,38.923,27.278,5.703,88.387,38.531,53.407,1358.605,23.971,30.939,166.04,0.665,4.23,41.972,34.437,43.57,36.669,-3.951,24.163,49.138,29.607,185.807,23.371,80.344,9164.398,78.666,5.046,58.662,70.222,78.445,67.482,28.93,29.38,4334.13,1431.574,18.62,13.446
POL,34512.401,71.856,0.653,65.987,5.726,23.395,19.255,7.782,88.735,67.267,159.475,27.901,458.602,127.887,0.333,8.981,27.974,83.219,52.791,37.506,29.823,13.009,79.563,88.199,239.139,10.581,217.916,9908.798,58.837,8.333,99.545,34.497,65.054,51.09,38.621,11.28,1894.654,1216.094,2.532,3.163
PRT,42407.205,81.295,0.804,49.652,15.416,6.575,17.67,30.675,50.669,27.305,617.441,24.391,891.486,136.291,0.243,4.184,17.222,76.629,75.469,42.284,-4.84,54.041,41.288,60.948,62.166,25.039,75.268,1493.48,40.913,2.811,26.759,39.4,76.584,52.72,44.952,37.022,2296.019,4456.368,3.123,2.287
QAT,11017.063,59.401,0.465,64.522,56.263,28.964,16.11,17.882,83.994,80.284,475.06,20.804,674.226,147.392,0.659,3.126,98.439,70.849,90.251,48.081,23.751,62.786,71.903,77.686,50.405,24.661,67.514,2878.282,50.484,9.728,95.537,77.261,73.851,82.121,36.094,26.315,796.612,1822.227,7.81,11.173
ROU,26530.0,73.665,0.701,57.609,9.936,27.169,17.502,61.445,59.038,68.169,629.126,20.138,506.66,160.167,0.573,7.739,18.052,18.312,55.107,96.818,24.8,35.105,45.027,81.634,73.866,19.85,72.062,467.682,70.919,3.075,95.416,55.639,58.783,56.283,26.901,30.894,3603.874,741.443,18.801,9.9
RUS,27707.294,61.068,0.507,60.17,32.658,1.019,19.922,14.332,20.707,89.859,1448.683,17.448,594.107,61.367,0.584,4.47,55.237,56.487,55.726,33.18,17.851,94.665,92.862,81.253,265.726,40.502,22.466,4380.723,38.364,3.075,46.066,72.832,41.388,59.515,23.459,27.547,3900.743,2893.146,6.215,9.181
RWA,26384.254,67.343,0.373,53.347,24.669,2.764,21.715,22.392,66.266,45.482,548.867,21.807,523.684,129.86,0.317,3.038,70.077,97.377,46.221,85.297,-3.806,75.821,68.831,47.095,96.115,16.938,194.212,2923.934,53.935,4.685,73.028,26.204,46.641,59.372,20.229,14.413,4690.494,3709.489,12.338,8.843
KNA,14651.527,69.866,0.983,73.425,64.833,14.526,7.753,14.648,27.731,40.867,534.414,18.483,271.082,110.416,0.46,3.295,87.458,32.752,78.535,90.421,-1.155,26.091,27.497,85.958,279.254,15.762,231.063,6358.881,12.719,9.258,41.846,26.418,74.793,35.307,15.492,24.4,2541.392,2817.596,2.724,4.261
LCA,34691.624,75.287,0.889,43.765,52.793,12.173,22.185,72.475,69.899,29.64,918.216,49.221,616.966,184.571,0.6,2.019,52.298,97.538,71.598,54.257,-2.952,63.744,75.537,50.679,182.064,47.773,26.153,392.219,41.815,0.672,63.062,76.646,74.803,45.915,44.944,31.407,2809.279,3584.39,19.145,7.329
VCT,46744.752,56.998,0.825,90.587,32.719,20.651,24.58,53.012,48.567,91.882,725.128,30.055,806.566,43.675,0.216,8.667,52.546,54.87,94.927,59.145,23.575,28.051,99.557,59.914,197.785,22.785,169.659,8658.941,65.697,4.051,67.895,88.523,74.616,54.764,14.528,20.273,4215.588,2998.258,12.946,12.227
WSM,34495.495,81.369,0.585,49.321,8.261,4.017,3.646,28.227,7.442,13.983,363.684,34.813,722.425,185.037,0.321,3.28,66.059,16.318,77.452,36.066,1.188,26.165,43.502,71.754,196.183,48.089,149.103,1999.544,96.781,2.168,97.599,82.088,66.51,84.361,18.266,3.533,4134.975,4526.453,4.709,9.456
SMR,13668.149,83.228,0.619,70.424,36.459,25.795,17.383,24.248,24.642,24.327,319.032,38.681,430.628,110.453,0.745,5.206,83.413,90.838,63.454,79.619,-1.787,57.823,52.87,91.516,148.577,29.203,100.145,9896.214,11.134,1.402,97.996,74.136,45.227,77.743,17.28,28.683,4289.051,2858.805,17.42,9.375
STP,84453.23,68.77,0.605,48.887,42.282,14.615,2.742,49.209,40.384,64.786,722.837,22.504,804.132,46.818,0.608,7.799,67.126,14.476,77.269,31.096,-1.518,43.595,37.492,90.393,77.021,47.657,112.274,4065.57,32.048,4.713,42.763,51.446,72.265,29.553,44.021,9.925,3852.743,2746.719,12.275,7.15
SAU,55458.682,74.83,0.798,60.204,54.074,23.487,20.761,57.212,51.516,54.326,212.232,19.963,149.961,135.951,0.262,5.019,50.873,51.897,62.978,54.357,15.897,54.714,90.754,40.362,205.228,33.94,156.587,2490.486,97.254,9.512,23.917,64.623,42.326,59.301,32.311,3.567,85.861,4399.567,12.104,6.766
SEN,82878.583,53.785,0.594,87.092,53.723,30.579,13.29,65.931,41.09,73.463,369.73,49.51,841.618,150.629,0.2,3.363,89.495,72.901,81.15,53.634,15.994,66.763,94.735,23.1,213.647,35.311,12.678,4311.352,80.898,7.493,30.1,81.245,74.375,79.2,37.925,31.163,1208.009,2013.537,17.894,6.701
SRB,51227.9,58.234,0.611,52.092,61.401,16.629,23.909,19.428,91.161,11.115,270.259,33.242,449.181,50.613,0.531,2.808,33.311,92.242,55.403,90.921,8.344,35.736,61.745,10.462,151.97,36.923,239.081,6244.038,42.261,6.486,97.381,43.259,77.169,81.499,36.233,29.199,181.402,774.471,3.946,13.902
SYC,69007.142,83.729,0.432,84.906,23.54,33.505,12.765,49.537,66.15,49.085,1316.284,43.257,824.378,191.51,0.36,8.414,21.992,17.509,71.001,52.293,-2.335,44.095,34.426,96.559,212.012,24.571,238.296,7753.865,80.753,5.179,51.986,65.193,73.474,76.111,36.697,12.592,2785.09,2417.181,6.147,11.459
SLE,18828.991,56.857,0.731,41.607,41.818,8.067,15.026,10.271,90.801,42.592,565.736,48.63,726.592,196.57,0.681,4.03,11.813,75.064,63.633,42.83,20.867,18.11,74.005,34.692,137.216,45.676,185.974,9792.19,37.926,3.053,30.48,66.53,38.915,81.364,12.094,21.911,1397.762,3255.814,16.86,2.915
SGP,50867.339,80.187,0.377,66.094,57.766,24.091,5.124,55.361,36.654,35.305,1318.851,26.311,23.024,44.142,0.518,7.585,84.993,8.605,84.878,47.331,5.242,24.657,90.674,47.289,128.138,27.919,227.964,6372.215,77.222,7.305,82.668,70.156,82.081,27.988,24.22,19.115,2242.605,2683.973,12.677,3.246
SVK,67155.679,66.542,0.431,63.644,7.738,6.666,11.259,6.492,82.33,19.056,245.63,19.763,667.584,69.705,0.59,4.601,36.312,63.442,81.817,61.26,13.191,86.686,82.073,92.179,125.431,16.309,67.556,4680.487,50.21,6.666,98.535,65.347,82.239,27.873,8.312,15.397,3345.147,4399.976,12.834,14.253
SVN,25413.896,50.42,0.404,47.505,9.647,20.413,12.004,24.809,50.657,77.405,1317.857,23.902,199.249,57.954,0.571,8.589,21.746,40.387,73.92,71.326,29.559,34.393,66.763,63.657,176.893,36.258,144.679,5497.157,86.299,9.139,80.001,55.769,76.159,75.344,15.289,21.513,4858.399,2026.668,5.921,5.516
SLB,76417.505,69.794,0.661,42.526,56.72,13.376,13.476,48.991,85.762,64.799,866.058,33.677,481.491,22.066,0.495,6.391,48.862,14.424,91.401,76.858,28.982,41.244,58.305,43.083,194.088,16.124,113.27,3820.417,11.578,1.658,69.012,47.356,43.606,69.311,18.153,34.098,1681.834,263.433,19.848,11.465
SOM,77669.062,82.138,0.576,40.995,22.019,17.555,20.345,53.968,58.024,16.375,803.219,21.244,319.921,142.779,0.286,2.524,73.602,69.562,55.758,97.338,11.144,86.818,71.31,52.381,187.212,21.482,164.676,1816.089,73.647,1.568,74.077,72.989,61.903,37.073,34.198,6.794,1598.996,3471.396,14.954,12.047
ZAF,9146.491,77.406,0.504,76.517,35.77,1.942,13.082,25.916,23.096,64.873,80.781,22.095,250.565,199.122,0.28,4.382,91.522,19.198,88.823,41.684,21.327,38.648,53.927,74.29,301.807,45.143,99.695,1177.369,87.911,5.258,68.45,99.783,50.615,68.041,34.718,39.644,966.818,3890.037,14.13,3.072
SSD,30862.356,61.076,0.533,41.397,14.907,21.101,22.076,68.335,27.843,83.392,1104.515,39.873,505.856,165.023,0.297,7.436,99.298,17.522,66.332,32.091,14.758,11.238,63.676,29.364,221.166,19.051,125.529,1186.254,98.568,3.23,73.759,25.178,67.233,80.625,33.321,20.129,1760.348,1270.318,15.909,4.888
ESP,46929.224,50.27,0.521,42.276,57.376,23.06,20.875,25.665,78.854,82.866,1095.081,35.06,36.128,20.239,0.519,2.356,19.517,38.968,62.833,71.89,-2.87,43.504,39.498,49.73,99.734,41.276,68.176,8275.134,21.842,6.951,80.723,67.915,35.85,81.128,35.451,36.256,1861.087,1511.155,19.579,9.938
LKA,64073.677,53.834,0.532,74.458,9.407,13.081,14.344,60.756,77.592,14.389,1046.033,33.086,217.596,123.424,0.251,8.876,83.848,61.007,85.296,34.31,17.389,36.991,73.703,43.369,271.751,28.756,31.692,4022.515,23.879,3.984,90.629,60.454,83.244,55.037,14.763,8.104,2236.561,1030.11,10.461,10.579
SDN,33857.78,58.276,0.346,92.857,60.399,2.24,7.927,15.383,34.835,74.743,272.82,33.802,552.918,179.135,0.232,2.996,43.992,88.625,63.211,60.425,17.959,56.47,68.8,13.067,137.227,46.323,203.199,3634.547,65.054,6.721,35.629,25.642,71.361,77.35,33.572,35.461,2586.868,3013.411,9.263,12.867
SUR,31915.647,73.037,0.968,49.832,55.737,17.257,5.454,36.955,15.13,93.593,1161.004,45.101,249.337,153.082,0.245,4.993,35.617,84.074,89.337,95.895,5.851,44.938,87.773,44.623,187.731,21.527,78.652,4609.197,76.625,9.458,49.074,98.279,60.518,63.437,33.593,8.438,584.236,1107.036,7.403,10.488
SWE,43108.322,50.705,0.611,85.345,49.958,28.485,15.011,25.332,96.845,62.982,1419.684,47.647,396.911,174.256,0.34,2.804,51.317,38.069,40.299,55.357,10.813,82.13,36.522,89.277,273.937,41.307,77.272,8160.836,29.372,4.113,86.377,95.409,72.505,72.03,43.038,7.943,171.898,230.739,13.289,7.787
CHE,26041.892,56.133,0.31,43.265,6.727,15.921,1.098,37.424,69.148,67.309,487.066,15.144,232.528,174.505,0.592,8.069,55.166,71.8,64.503,94.55,16.521,65.915,78.188,90.193,88.002,39.693,107.87,7260.397,32.497,8.041,43.554,41.57,78.686,61.286,7.598,37.387,4161.598,3009.791,3.812,7.059
SYR,26948.709,58.287,0.604,75.198,12.012,28.006,15.534,8.554,64.749,49.938,1130.64,43.119,898.586,105.352,0.552,4.498,32.277,31.258,47.695,46.345,0.074,83.602,36.908,40.777,56.378,36.367,192.685,1307.867,63.706,4.109,85.834,58.991,84.283,43.441,26.04,32.187,2659.19,721.181,7.851,13.434
TJK,3200.993,83.309,0.956,69.094,67.744,34.161,13.043,13.599,9.751,20.24,695.158,34.071,413.959,112.538,0.215,8.626,71.935,45.716,69.609,39.431,10.945,44.949,20.072,10.12,182.968,5.922,139.662,5524.481,65.634,1.535,72.265,44.027,61.693,64.607,7.038,10.025,4438.519,1643.521,18.818,10.161
TZA,72907.234,62.066,0.698,49.939,28.218,24.984,12.001,32.449,17.277,43.08,945.029,21.415,875.84,107.819,0.246,7.924,62.058,42.15,88.851,92.927,29.659,77.447,93.151,34.798,185.648,6.09,37.255,3427.86,23.725,0.804,47.639,86.381,83.126,32.45,20.463,21.754,1941.725,4931.04,12.278,4.007
THA,64929.118,84.458,0.569,85.867,61.725,15.641,19.357,23.232,97.522,46.188,1380.701,26.765,857.336,195.57,0.216,8.709,72.838,77.216,92.425,70.694,9.876,67.289,52.736,51.353,196.151,11.091,212.374,8833.193,16.138,4.715,54.899,42.751,78.874,40.927,17.735,24.874,556.167,4011.142,17.25,14.016
TLS,28751.577,73.919,0.531,49.64,62.537,23.759,2.171,31.722,6.476,81.409,1218.837,20.852,343.736,29.202,0.524,4.745,85.432,23.018,63.372,32.629,26.019,33.223,64.562,90.239,240.606,11.815,73.412,364.331,49.948,2.936,87.073,64.872,78.699,64.648,9.303,4.374,2031.9,3896.634,15.567,2.316
TGO,64627.68,79.353,0.335,87.945,52.724,19.345,0.509,6.095,83.846,38.488,164.058,42.992,713.707,20.892,0.535,7.394,35.728,44.869,72.625,92.196,19.279,57.9,37.288,28.187,280.196,23.967,70.884,7814.92,38.575,4.038,51.544,64.471,35.767,74.291,41.394,10.094,2931.534,1117.041,9.254,3.554
TON,75812.555,57.835,0.956,87.731,44.024,23.186,22.808,52.149,35.949,67.273,183.334,23.912,316.6,82.426,0.685,5.979,53.142,24.417,43.614,93.597,19.39,39.932,56.655,46.185,231.404,16.422,163.686,3801.128,75.992,5.032,36.448,94.26,76.048,38.229,21.578,30.917,981.775,2070.266,11.829,8.777
TTO,86167.336,53.224,0.817,44.419,29.402,18.635,9.234,86.406,20.508,52.484,895.477,23.196,234.447,36.949,0.322,3.589,11.463,72.977,77.46,50.678,25.339,27.376,47.26,59.401,338.104,10.006,65.48,8182.665,64.923,8.832,63.23,69.185,60.08,84.999,38.536,7.617,4457.532,3408.246,12.229,14.38
TUN,85660.463,51.009,0.725,81.676,69.46,14.595,10.681,81.33,76.349,83.539,615.277,30.501,167.166,11.04,0.417,8.921,51.126,27.321,63.122,36.382,16.271,45.002,33.42,98.154,215.637,49.489,57.856,8717.388,92.706,0.931,66.609,72.255,44.216,69.107,10.518,39.537,1682.753,808.743,6.615,3.24
TUR,37584.674,60.423,0.523,73.63,62.59,20.625,12.47,34.304,22.457,64.576,32.209,49.082,157.168,125.663,0.485,7.416,58.177,55.409,95.875,38.102,15.191,18.098,75.8,48.222,139.321,5.143,160.686,3592.655,63.313,1.16,87.202,22.007,65.349,30.633,37.848,23.79,4180.447,1525.221,6.944,5.252
TKM,10906.071,52.345,0.559,88.888,3.525,8.433,17.856,74.889,51.373,10.596,499.719,33.295,75.948,105.183,0.35,3.905,37.608,46.97,67.598,74.771,9.526,43.188,87.473,33.608,166.092,32.141,79.951,3118.568,56.464,1.482,55.047,65.59,58.315,39.46,12.105,9.555,3426.665,4305.413,14.763,6.149
TUV,18852.85,65.082,0.939,49.908,27.645,20.1,8.407,71.246,50.337,82.85,1154.413,41.768,442.936,130.812,0.438,5.474,54.667,22.564,69.419,75.362,27.024,69.387,61.879,77.28,115.057,47.545,169.873,5821.522,21.131,7.367,29.956,90.517,61.422,82.174,18.831,29.904,4321.14,4250.738,5.229,3.771
UGA,48287.513,59.673,0.89,44.164,35.759,23.339,3.659,73.431,99.43,29.483,297.379,31.142,280.936,106.413,0.358,7.759,27.582,98.401,65.768,52.624,12.94,39.541,65.363,49.142,318.764,40.929,218.098,4244.472,54.134,7.874,78.494,73.568,36.174,64.749,11.476,37.45,4911.072,4227.191,14.944,14.626
UKR,32144.027,70.649,0.96,77.572,68.198,14.543,22.286,69.909,18.155,36.309,740.259,35.965,270.573,3.772,0.542,8.026,29.055,90.148,40.619,52.572,8.22,65.467,68.683,28.946,92.451,47.038,99.739,5468.046,18.092,8.859,38.285,22.852,45.966,35.389,12.232,27.924,160.123,340.971,6.175,9.824
ARE,28758.189,73.452,0.984,86.22,53.658,12.219,19.863,16.535,28.085,36.313,643.943,31.627,225.827,185.677,0.395,8.364,94.005,55.376,79.38,92.587,1.681,65.747,20.806,48.268,280.613,12.418,219.633,8452.502,51.861,1.182,98.582,35.527,71.957,46.833,37.521,27.125,841.912,3680.854,13.122,2.502
GBR,20572.203,71.43,0.336,75.456,27.745,28.779,9.074,14.272,25.746,43.227,207.222,45.099,748.303,47.949,0.399,4.757,66.545,12.711,99.512,41.779,19.96,74.193,24.48,74.437,161.924,43.231,183.047,8762.369,31.45,8.187,83.061,21.883,66.22,64.96,14.471,20.221,4852.654,4565.026,14.192,9.792
USA,50162.476,59.796,0.515,63.516,8.098,5.004,8.829,5.441,23.32,39.13,237.881,43.594,59.359,96.934,0.32,7.653,75.766,67.812,87.969,82.608,-4.894,44.158,92.547,31.685,183.461,47.997,50.466,460.714,62.113,1.595,26.241,99.037,63.776,54.313,44.748,32.983,478.142,4383.478,17.3,11.936
URY,7912.306,60.485,0.349,53.79,44.88,21.002,21.296,11.229,97.328,93.774,261.862,41.776,856.651,90.055,0.67,3.111,41.759,33.289,94.486,85.744,11.997,39.915,65.367,49.496,228.937,43.453,169.228,3481.777,88.178,6.526,37.491,60.114,60.811,45.441,16.571,8.891,2376.976,1859.001,13.523,14.123
UZB,39961.095,82.121,0.857,44.365,27.015,29.972,4.014,62.62,99.477,92.266,767.159,46.199,189.549,59.257,0.554,6.09,83.468,84.289,43.154,73.823,3.042,54.696,99.692,56.649,85.772,29.765,12.599,4724.428,34.748,2.837,58.929,20.258,56.864,35.173,22.78,39.936,4396.612,2225.996,16.19,12.163
VUT,11741.578,82.927,0.948,64.292,33.247,14.247,11.048,68.915,23.815,75.153,547.255,39.702,707.583,165.106,0.319,8.932,47.738,81.094,61.129,35.273,20.948,60.29,93.138,77.857,322.868,12.566,80.75,8125.484,89.985,6.922,84.569,70.845,67.269,77.101,25.168,25.038,1286.04,2951.208,9.584,10.109
VAT,11848.932,55.257,0.766,45.035,63.304,14.553,8.727,46.819,71.335,20.589,131.403,21.994,667.573,124.396,0.554,7.089,32.686,48.441,55.14,70.634,14.905,92.339,30.584,73.637,248.337,21.574,172.773,7903.306,38.674,3.975,89.885,23.867,45.947,36.237,26.532,17.013,347.52,1385.488,7.316,11.213
VEN,35603.018,84.53,0.542,91.201,23.087,17.319,6.03,75.829,68.174,36.129,841.531,15.013,204.199,92.737,0.373,5.238,62.436,50.921,69.417,40.237,0.13,77.63,53.396,32.14,305.555,46.008,196.209,9347.234,78.495,2.888,24.64,46.261,64.91,82.164,13.998,37.503,1692.502,263.254,9.213,13.095
VNM,13300.352,63.024,0.66,82.137,27.948,34.482,0.459,46.426,70.086,21.647,1076.301,48.136,276.607,176.956,0.74,7.16,31.185,21.943,83.952,94.641,27.516,65.247,49.834,73.797,320.416,18.841,67.603,5860.605,45.985,2.317,92.582,44.378,67.769,57.585,31.735,25.916,4747.149,465.796,19.478,14.768
YEM,64383.273,80.833,0.526,76.794,54.632,11.342,11.155,16.2,59.096,27.156,197.621,43.761,704.591,88.165,0.283,5.793,85.621,54.918,58.066,42.788,21.315,73.866,52.086,10.701,94.926,27.854,39.276,306.844,32.01,8.939,76.25,88.371,59.387,68.764,7.999,28.706,2547.985,3938.943,7.709,2.541
ZMB,58864.867,75.588,0.958,56.179,19.573,9.042,1.587,23.064,33.006,34.899,754.905,34.277,581.901,89.214,0.384,2.449,69.792,40.183,77.432,39.359,7.127,61.926,55.209,36.329,189.489,19.734,209.753,2340.427,33.662,6.636,62.644,91.252,62.115,48.474,16.337,36.249,2946.173,2908.422,12.249,14.388
ZWE,70676.442,63.754,0.878,70.754,20.269,22.456,19.455,20.526,42.526,14.382,1193.176,45.671,437.26,189.298,0.224,5.069,61.091,58.126,76.619,95.448,18.784,48.719,64.737,19.809,75.515,49.523,62.499,2698.367,54.828,9.755,57.352,32.63,39.613,44.026,37.408,6.901,4784.056,4742.006,4.275,4.738